Nyårsdagen,1/1,Ja
Svea,2/1,Ja
Alfrida,3/1,Ja
Alfred,3/1,Ja
Rut,4/1,Ja
Hanna,5/1,Ja
Hannele,5/1,Ja
Hanne,5/1,Nej
Hanny,5/1,Nej
Melker,6/1,Ja
Melchior,6/1,Nej
Caspar,6/1,Nej
Trettondedag jul,6/1,Ja
Baltsar,6/1,Ja
Kasper,6/1,Ja
Gusti,7/1,Nej
Gusten,7/1,Nej
Augustinus,7/1,Nej
Agge,7/1,Nej
Age,7/1,Nej
Augusta,7/1,Ja
August,7/1,Ja
Augustin,7/1,Nej
Erland,8/1,Ja
Gunnar,9/1,Ja
Gunder,9/1,Ja
Gunde,9/1,Nej
Günther,9/1,Nej
Sigurd,10/1,Ja
Sigge,10/1,Nej
Sigbritt,10/1,Ja
Janne,11/1,Nej
Jannika,11/1,Nej
Jannike,11/1,Ja
Jan,11/1,Ja
Frideborg,12/1,Ja
Frideborg,12/1,Ja
Tjugondedag jul,13/1,Ja
Knut,13/1,Ja
Felicia,14/1,Ja
Felix,14/1,Ja
Laurentia,15/1,Nej
Lawrence,15/1,Nej
Laura,15/1,Ja
Lalla,15/1,Nej
Lauritz,15/1,Nej
Lorentz,15/1,Ja
Laurina,15/1,Nej
Laurens,15/1,Nej
Larry,15/1,Nej
Lauri,15/1,Nej
Laurentius,15/1,Nej
Hjalmar,16/1,Ja
Helmer,16/1,Ja
Tönnes,17/1,Nej
Antonio,17/1,Nej
Anton,17/1,Ja
Antoni,17/1,Nej
Antonius,17/1,Nej
Tony,17/1,Ja
Anthony,17/1,Nej
Hilda,18/1,Ja
Hildur,18/1,Ja
Hilde,18/1,Nej
Enrique,19/1,Nej
Heinz,19/1,Nej
Heine,19/1,Nej
Heikki,19/1,Nej
Henri,19/1,Nej
Henrik,19/1,Ja
Heinrich,19/1,Nej
Henry,19/1,Nej
Fabian,20/1,Ja
Sebastian,20/1,Ja
Agnes,21/1,Ja
Agna,21/1,Nej
Agnete,21/1,Nej
Agneta,21/1,Ja
Neta,21/1,Nej
Viktor,22/1,Ja
Vincent,22/1,Ja
Freja,23/1,Ja
Frej,23/1,Ja
Erika,24/1,Ja
Paul,25/1,Ja
Pablo,25/1,Nej
Paavo,25/1,Nej
Pål,25/1,Ja
Pauli,25/1,Nej
Palle,25/1,Nej
Pavel,25/1,Nej
Paulus,25/1,Nej
Poul,25/1,Nej
Bolla,26/1,Nej
Botilda,26/1,Nej
Bodil,26/1,Ja
Boel,26/1,Ja
Göta,27/1,Ja
Göte,27/1,Ja
Götilda,27/1,Nej
Karl,28/1,Ja
Carlo,28/1,Nej
Carlos,28/1,Nej
Karla,28/1,Ja
Charles,28/1,Nej
Carol,28/1,Nej
Kaarlo,28/1,Nej
Charlie,28/1,Nej
Charlie,28/1,Nej
Kaarlo,28/1,Nej
Diana,29/1,Ja
Diane,29/1,Nej
Gunilla,30/1,Ja
Gunhild,30/1,Ja
Gulla,30/1,Nej
Gulli,30/1,Nej
Gullan,30/1,Nej
Gully,30/1,Nej
Gullie,30/1,Nej
Gunnela,30/1,Nej
Gundel,30/1,Nej
Gunnil,30/1,Nej
Gunnie,30/1,Nej
Gunni,30/1,Nej
Gunny,30/1,Nej
Gunnila,30/1,Nej
Ivar,31/1,Ja
Joar,31/1,Ja
Max,1/2,Ja
Maximilian,1/2,Ja
Kyndelsmässodagen,2/2,Ja
Disa,3/2,Ja
Hjördis,3/2,Ja
Selm,4/2,Nej
Selmer,4/2,Nej
Ansgar,4/2,Ja
Ansgarius,4/2,Nej
Anselm,4/2,Ja
Agata,5/2,Ja
Agda,5/2,Ja
Agaton,5/2,Nej
Ågot,5/2,Nej
Doris,6/2,Ja
Dorotea,6/2,Ja
Dorthy,6/2,Nej
Dorotea,6/2,Ja
Doris,6/2,Ja
Dolly,6/2,Nej
Dordi,6/2,Nej
Dora,6/2,Nej
Dorit,6/2,Nej
Ricky,7/2,Nej
Dick,7/2,Ja
Rikard,7/2,Ja
Bert,8/2,Ja
Bertina,8/2,Nej
Berta,8/2,Ja
Fanny,9/2,Ja
Franciska,9/2,Ja
Francesca,9/2,Nej
Iris,10/2,Ja
Yngve,11/2,Ja
Ingo,11/2,Nej
Inge,11/2,Ja
Evelina,12/2,Ja
Eveline,12/2,Nej
Evy,12/2,Ja
Evelyn,12/2,Nej
Evelin,12/2,Nej
Ove,13/2,Ja
Agne,13/2,Ja
Valentina,14/2,Nej
Valentin,14/2,Ja
Vally,14/2,Nej
Sigfrid,15/2,Ja
Julia,16/2,Ja
Juliana,16/2,Nej
Jill,16/2,Nej
Julie,16/2,Nej
Julius,16/2,Ja
Juliette,16/2,Nej
Julio,16/2,Nej
Alejandra,17/2,Nej
Alli,17/2,Nej
Alla,17/2,Nej
Allie,17/2,Nej
Ally,17/2,Nej
Sandra,17/2,Ja
Alexandra,17/2,Ja
Frida,18/2,Ja
Fritiof,18/2,Ja
Elfriede,18/2,Nej
Elfrida,18/2,Nej
Gabrielle,19/2,Nej
Gabriella,19/2,Ja
Ella,19/2,Ja
Gaby,19/2,Nej
Viviana,20/2,Nej
Vivianne,20/2,Ja
Hilding,21/2,Ja
Pia,22/2,Ja
Torun,23/2,Ja
Torsten,23/2,Ja
Mats,24/2,Ja
Mattias,24/2,Ja
Matti,24/2,Nej
Mattis,24/2,Nej
Sivert,25/2,Ja
Sivar,25/2,Nej
Sigvard,25/2,Ja
Sivard,25/2,Nej
Torkel,26/2,Ja
Torgny,26/2,Ja
Lave,27/2,Nej
Lago,27/2,Nej
Lage,27/2,Ja
Mirja,28/2,Nej
Marjatta,28/2,Nej
Marion,28/2,Nej
Mariette,28/2,Nej
Mimmie,28/2,Nej
Marja,28/2,Nej
Mary,28/2,Nej
Maryam,28/2,Nej
Maria,28/2,Ja
Mia,28/2,Nej
Maisie,28/2,Nej
Maja,28/2,Nej
Majli,28/2,Nej
Manja,28/2,Nej
Marjo,28/2,Nej
Mari,28/2,Nej
Mariella,28/2,Nej
Marietta,28/2,Nej
Mimmi,28/2,Nej
Marielle,28/2,Nej
Skottdagen,29/2,Ja
Alvin,1/3,Nej
Elvie,1/3,Nej
Elvira,1/3,Ja
Albin,1/3,Ja
Elva,1/3,Nej
Elvi,1/3,Nej
Elvy,1/3,Nej
Ernesto,2/3,Nej
Erna,2/3,Ja
Ernst,2/3,Ja
Gunborg,3/3,Ja
Gunda,3/3,Nej
Gunvor,3/3,Ja
Adrian,4/3,Ja
Adriana,4/3,Ja
Adrienne,4/3,Nej
Tove,5/3,Ja
Tora,5/3,Ja
Tuve,5/3,Nej
Tova,5/3,Nej
Ebbe,6/3,Ja
Ebba,6/3,Ja
Camilla,7/3,Ja
Saga,8/3,Ja
Siv,8/3,Ja
Torleif,9/3,Ja
Torben,9/3,Nej
Torbjörn,9/3,Ja
Edla,10/3,Ja
Ada,10/3,Ja
Ethel,10/3,Nej
Egon,11/3,Ja
Edvin,11/3,Ja
Viktoria,12/3,Ja
Vicky,12/3,Nej
Tori,12/3,Nej
Gregor,13/3,Nej
Grels,13/3,Nej
Greger,13/3,Ja
Gregorius,13/3,Nej
Reijo,13/3,Nej
Matilde,14/3,Nej
Maud,14/3,Ja
Milda,14/3,Nej
Tilda,14/3,Nej
Tilde,14/3,Nej
Tilly,14/3,Nej
Matty,14/3,Nej
Matilda,14/3,Ja
Kristoffer,15/3,Ja
Chris,15/3,Nej
Chris,15/3,Nej
Herbert,16/3,Ja
Gilbert,16/3,Ja
Gertrud,17/3,Ja
Gerti,17/3,Nej
Gertie,17/3,Nej
Gerty,17/3,Nej
Kerttu,17/3,Nej
Trude,17/3,Nej
Edvard,18/3,Ja
Edmund,18/3,Ja
Edde,18/3,Nej
Eddie,18/3,Nej
Eduardo,18/3,Nej
Eddy,18/3,Nej
Josef,19/3,Ja
Josefina,19/3,Ja
Giuseppe,19/3,Nej
José,19/3,Nej
Josefin,19/3,Nej
Josefine,19/3,Nej
Joakim,20/3,Ja
Kim,20/3,Ja
Jockum,20/3,Nej
Bengt,21/3,Ja
Benedikt,21/3,Nej
Bengta,21/3,Nej
Benita,21/3,Nej
Bent,21/3,Nej
Pentti,21/3,Nej
Kennet,22/3,Ja
Kent,22/3,Ja
Ken,22/3,Nej
Kennie,22/3,Nej
Kenny,22/3,Nej
Gerda,23/3,Ja
Gerd,23/3,Ja
Gabriel,24/3,Ja
Rafael,24/3,Ja
Marie Bebådelsedag,25/3,Ja
Emanuel,26/3,Ja
Immanuel,26/3,Nej
Manne,26/3,Nej
Manuel,26/3,Nej
Manuela,26/3,Nej
Rudolf,27/3,Ja
Ralf,27/3,Ja
Malkolm,28/3,Ja
Morgan,28/3,Ja
Jonas,29/3,Ja
Jens,29/3,Ja
Holger,30/3,Ja
Holmfrid,30/3,Ja
Ester,31/3,Ja
Essie,31/3,Nej
Essy,31/3,Nej
Harald,1/4,Ja
Hervor,1/4,Ja
Harold,1/4,Nej
Gudmund,2/4,Ja
Ingemund,2/4,Ja
Ingeman,2/4,Nej
Ferdinand,3/4,Ja
Nanna,3/4,Ja
Fernando,3/4,Nej
Hernan,3/4,Nej
Marianne,4/4,Ja
Marlene,4/4,Ja
Marlen,4/4,Nej
Irene,5/4,Ja
Irja,5/4,Ja
Iren,5/4,Nej
Irena,5/4,Nej
Irina,5/4,Nej
Vilhelm,6/4,Ja
William,6/4,Ja
Bill,6/4,Nej
Billy,6/4,Nej
Guillermo,6/4,Nej
Viljo,6/4,Nej
Ville,6/4,Nej
Willi,6/4,Nej
Villy,6/4,Nej
Irma,7/4,Ja
Irmelin,7/4,Ja
Irmgard,7/4,Nej
Irmeli,7/4,Nej
Nadja,8/4,Ja
Tanja,8/4,Ja
Tatjana,8/4,Nej
Otto,9/4,Ja
Ottilia,9/4,Ja
Otelia,9/4,Nej
Otti,9/4,Nej
Ingvar,10/4,Ja
Ingvor,10/4,Ja
Igor,10/4,Nej
Yngvar,10/4,Nej
Ingar,10/4,Nej
Ulf,11/4,Ja
Ylva,11/4,Ja
Wolf,11/4,Nej
Liv,12/4,Ja
Artur,13/4,Ja
Douglas,13/4,Ja
Arto,13/4,Nej
Tiburtius,14/4,Ja
Olivia,15/4,Ja
Oliver,15/4,Ja
Olly,15/4,Nej
Viva,15/4,Nej
Patrik,16/4,Ja
Patricia,16/4,Ja
Elias,17/4,Ja
Elis,17/4,Ja
Ellis,17/4,Nej
Valdemar,18/4,Ja
Volmar,18/4,Ja
Valde,18/4,Nej
Valle,18/4,Nej
Vladimir,18/4,Nej
Volmer,18/4,Nej
Olaus,19/4,Ja
Ola,19/4,Ja
Olavus,19/4,Nej
Amalia,20/4,Ja
Amelie,20/4,Ja
Amalie,20/4,Nej
Amelia,20/4,Nej
Emelia,20/4,Nej
Emelie,20/4,Nej
Anneli,21/4,Ja
Annika,21/4,Ja
Annelie,21/4,Nej
Allan,22/4,Ja
Glenn,22/4,Ja
Georg,23/4,Ja
Göran,23/4,Ja
George,23/4,Nej
Georges,23/4,Nej
Georgina,23/4,Nej
Georgios,23/4,Nej
Georgius,23/4,Nej
György,23/4,Nej
Jorge,23/4,Nej
Yrjö,23/4,Nej
Gina,23/4,Nej
Vega,24/4,Ja
Markus,25/4,Ja
Marco,25/4,Nej
Mark,25/4,Nej
Markku,25/4,Nej
Teresia,26/4,Ja
Terese,26/4,Ja
Teresa,26/4,Nej
Engelbrekt,27/4,Ja
Ingbert,27/4,Nej
Ture,28/4,Ja
Tyra,28/4,Ja
Tyko,29/4,Ja
Mariana,30/4,Ja
Valborg,1/5,Ja
Filip,2/5,Ja
Filippa,2/5,Ja
Felipe,2/5,Nej
John,3/5,Ja
Jane,3/5,Ja
Ian,3/5,Nej
Monika,4/5,Ja
Mona,4/5,Ja
Monique,4/5,Nej
Gotthard,5/5,Ja
Erhard,5/5,Ja
Marit,6/5,Ja
Rita,6/5,Ja
Carina,7/5,Ja
Carita,7/5,Ja
Carine,7/5,Nej
Åke,8/5,Ja
Åge,8/5,Nej
Reidar,9/5,Ja
Reidun,9/5,Ja
Esbjörn,10/5,Ja
Styrbjörn,10/5,Ja
Asbjörn,10/5,Nej
Märta,11/5,Ja
Märit,11/5,Ja
Merete,11/5,Nej
Merit,11/5,Nej
Märet,11/5,Nej
Charlotta,12/5,Ja
Lotta,12/5,Ja
Charlott,12/5,Nej
Charlotte,12/5,Nej
Lotte,12/5,Nej
Lotten,12/5,Nej
Lottie,12/5,Nej
Linnea,13/5,Ja
Linn,13/5,Ja
Nea,13/5,Nej
Ninni,13/5,Nej
Ninnie,13/5,Nej
Halvard,14/5,Ja
Halvar,14/5,Ja
Halvor,14/5,Nej
Sofia,15/5,Ja
Sonja,15/5,Ja
Sofi,15/5,Nej
Sofie,15/5,Nej
Ronald,16/5,Ja
Ronny,16/5,Ja
Ronnie,16/5,Nej
Rebecka,17/5,Ja
Ruben,17/5,Ja
Erik,18/5,Ja
Eero,18/5,Nej
Erkki,18/5,Nej
Jerk,18/5,Nej
Jerker,18/5,Nej
Maj,19/5,Ja
Majken,19/5,Ja
May,19/5,Nej
Karolina,20/5,Ja
Carola,20/5,Ja
Calla,20/5,Nej
Caroline,20/5,Nej
Karolin,20/5,Nej
Lina,20/5,Nej
Line,20/5,Nej
Carole,20/5,Nej
Konstantin,21/5,Ja
Conny,21/5,Ja
Connie,21/5,Nej
Constance,21/5,Nej
Konstantia,21/5,Nej
Hemming,22/5,Ja
Henning,22/5,Ja
Desideria,23/5,Ja
Desirée,23/5,Ja
Ivan,24/5,Ja
Vanja,24/5,Ja
Urban,25/5,Ja
Vilhelmina,26/5,Ja
Vilma,26/5,Ja
Helma,26/5,Nej
Helmina,26/5,Nej
Hilma,26/5,Nej
Mina,26/5,Nej
Minna,26/5,Nej
Minnie,26/5,Nej
Helmi,26/5,Nej
Beda,27/5,Ja
Blenda,27/5,Ja
Ingeborg,28/5,Ja
Borghild,28/5,Ja
Bojan,28/5,Nej
Yvonne,29/5,Ja
Jeanette,29/5,Ja
Yvette,29/5,Nej
Vera,30/5,Ja
Veronika,30/5,Ja
Petronella,31/5,Ja
Pernilla,31/5,Ja
Pernille,31/5,Nej
Nilla,31/5,Nej
Gun,1/6,Ja
Gunnel,1/6,Ja
Rutger,2/6,Ja
Roger,2/6,Ja
Ingemar,3/6,Ja
Gudmar,3/6,Ja
Ingmar,3/6,Nej
Solbritt,4/6,Ja
Solveig,4/6,Ja
Solvig,4/6,Nej
Bo,5/6,Ja
Bonde,5/6,Nej
Bosse,5/6,Nej
Gustav,6/6,Ja
Gösta,6/6,Ja
Gustava,6/6,Nej
Robert,7/6,Ja
Robin,7/6,Ja
Bob,7/6,Nej
Bobby,7/6,Nej
Roberto,7/6,Nej
Rupert,7/6,Nej
Eivor,8/6,Ja
Majvor,8/6,Ja
Börje,9/6,Ja
Birger,9/6,Ja
Svante,10/6,Ja
Boris,10/6,Ja
Bertil,11/6,Ja
Berthold,11/6,Ja
Bertel,11/6,Nej
Pertti,11/6,Nej
Barthold,11/6,Nej
Eskil,12/6,Ja
Esko,12/6,Nej
Aina,13/6,Ja
Aino,13/6,Ja
Aini,13/6,Nej
Håkan,14/6,Ja
Hakon,14/6,Ja
Hakvin,14/6,Nej
Håkon,14/6,Nej
Margit,15/6,Ja
Margot,15/6,Ja
Axel,16/6,Ja
Axelina,16/6,Ja
Acke,16/6,Nej
Axelia,16/6,Nej
Torborg,17/6,Ja
Torvald,17/6,Ja
Björn,18/6,Ja
Bjarne,18/6,Ja
Björne,18/6,Nej
Björner,18/6,Nej
Germund,19/6,Ja
Görel,19/6,Ja
Linda,20/6,Ja
Belinda,20/6,Nej
Alf,21/6,Ja
Alvar,21/6,Ja
Alve,21/6,Nej
Paulina,22/6,Ja
Paula,22/6,Ja
Pauline,22/6,Nej
Paulinus,22/6,Nej
Adolf,23/6,Ja
Alice,23/6,Ja
Adolfina,23/6,Nej
Alef,23/6,Nej
Alicia,23/6,Nej
Johannes Döparens dag,24/6,Ja
David,25/6,Ja
Salomon,25/6,Ja
Davida,25/6,Nej
Rakel,26/6,Ja
Lea,26/6,Ja
Selma,27/6,Ja
Fingal,27/6,Ja
Leo,28/6,Ja
Leon,28/6,Nej
Peter,29/6,Ja
Petra,29/6,Ja
Peder,29/6,Nej
Pedro,29/6,Nej
Pekka,29/6,Nej
Petri,29/6,Nej
Petrus,29/6,Nej
Pierre,29/6,Nej
Pieter,29/6,Nej
Piotr,29/6,Nej
Petter,29/6,Nej
Elof,30/6,Ja
Leif,30/6,Ja
Elf,30/6,Nej
Aron,1/7,Ja
Mirjam,1/7,Ja
Mirja,1/7,Nej
Rosa,2/7,Ja
Rosita,2/7,Ja
Rosalie,2/7,Nej
Rosi,2/7,Nej
Rosie,2/7,Nej
Rosina,2/7,Nej
Rosine,2/7,Nej
Aurora,3/7,Ja
Aura,3/7,Nej
Aurore,3/7,Nej
Ulrika,4/7,Ja
Ulla,4/7,Ja
Rika,4/7,Nej
Ulrike,4/7,Nej
Laila,5/7,Ja
Ritva,5/7,Ja
Aila,5/7,Nej
Aili,5/7,Nej
Esaias,6/7,Ja
Jessika,6/7,Ja
Esa,6/7,Nej
Esse,6/7,Nej
Klas,7/7,Ja
Claes,7/7,Nej
Claus,7/7,Nej
Klaus,7/7,Nej
Kjell,8/7,Ja
Kettil,8/7,Nej
Jörgen,9/7,Ja
Örjan,9/7,Ja
Jürgen,9/7,Nej
Jörn,9/7,Nej
André,10/7,Ja
Andrea,10/7,Ja
Andrietta,10/7,Nej
Eleonora,11/7,Ja
Ellinor,11/7,Ja
Eleanor,11/7,Nej
Eleonore,11/7,Nej
Elli,11/7,Nej
Elly,11/7,Nej
Leonor,11/7,Nej
Leonora,11/7,Nej
Nellie,11/7,Nej
Nelly,11/7,Nej
Nora,11/7,Nej
Leonore,11/7,Nej
Herman,12/7,Ja
Hermine,12/7,Ja
Hermina,12/7,Nej
Joel,13/7,Ja
Judit,13/7,Ja
Jutta,13/7,Nej
Jytte,13/7,Nej
Folke,14/7,Ja
Ragnhild,15/7,Ja
Ragnvald,15/7,Ja
Ragni,15/7,Nej
Ragny,15/7,Nej
Rauni,15/7,Nej
Reinhold,16/7,Ja
Reine,16/7,Ja
Reino,16/7,Nej
Bruno,17/7,Ja
Fredrik,18/7,Ja
Fritz,18/7,Ja
Federico,18/7,Nej
Fred,18/7,Nej
Freddie,18/7,Nej
Freddy,18/7,Nej
Friedrich,18/7,Nej
Sara,19/7,Ja
Salli,19/7,Nej
Sally,19/7,Nej
Zarah,19/7,Nej
Margareta,20/7,Ja
Greta,20/7,Ja
Gret,20/7,Nej
Gretchen,20/7,Nej
Grete,20/7,Nej
Gretel,20/7,Nej
Maggie,20/7,Nej
Mait,20/7,Nej
Maret,20/7,Nej
Marga,20/7,Nej
Margita,20/7,Nej
Margret,20/7,Nej
Margreta,20/7,Nej
Margrete,20/7,Nej
Marguerite,20/7,Nej
Meit,20/7,Nej
Meta,20/7,Nej
Peggy,20/7,Nej
Malgorzata,20/7,Nej
Johanna,21/7,Ja
Janet,21/7,Nej
Janna,21/7,Nej
Jannie,21/7,Nej
Jeanna,21/7,Nej
Jeanne,21/7,Nej
Jen,21/7,Nej
Johanne,21/7,Nej
Jonna,21/7,Nej
Magdalena,22/7,Ja
Madeleine,22/7,Ja
Lone,22/7,Nej
Magda,22/7,Nej
Malla,22/7,Nej
Emma,23/7,Ja
Emerentia,23/7,Nej
Emmy,23/7,Ja
Kristina,24/7,Ja
Kerstin,24/7,Ja
Christa,24/7,Nej
Christiane,24/7,Nej
Kersti,24/7,Nej
Kickan,24/7,Nej
Kicki,24/7,Nej
Kirsten,24/7,Nej
Kirsti,24/7,Nej
Kristin,24/7,Nej
Ninna,24/7,Nej
Stina,24/7,Nej
Tina,24/7,Nej
Titti,24/7,Nej
Jakob,25/7,Ja
Ib,25/7,Nej
Jaakko,25/7,Nej
Jack,25/7,Nej
Jacqueline,25/7,Nej
Jacques,25/7,Nej
Jaime,25/7,Nej
James,25/7,Nej
Jeppe,25/7,Nej
Jim,25/7,Nej
Jimi,25/7,Nej
Jimmie,25/7,Nej
Jimmy,25/7,Nej
Jesper,26/7,Ja
Jasmine,26/7,Ja
Jasmina,26/7,Nej
Marta,27/7,Ja
Botvid,28/7,Ja
Seved,28/7,Ja
Seve,28/7,Nej
Olof,29/7,Ja
Olav,29/7,Nej
Olavi,29/7,Nej
Olle,29/7,Nej
Ole,29/7,Nej
Algot,30/7,Ja
Helena,31/7,Ja
Elin,31/7,Ja
Eila,31/7,Nej
Elaine,31/7,Nej
Elena,31/7,Nej
Eli,31/7,Nej
Elina,31/7,Nej
Eline,31/7,Nej
Elna,31/7,Nej
Elny,31/7,Nej
Helen,31/7,Nej
Helene,31/7,Nej
Helli,31/7,Nej
Helly,31/7,Nej
Helna,31/7,Nej
Ilona,31/7,Nej
Per,1/8,Ja
Pelle,1/8,Nej
Karin,2/8,Ja
Kajsa,2/8,Ja
Kaja,2/8,Nej
Karen,2/8,Nej
Kari,2/8,Nej
Karna,2/8,Nej
Tage,3/8,Ja
Arne,4/8,Ja
Arnold,4/8,Ja
Arent,4/8,Nej
Arild,4/8,Nej
Arndt,4/8,Nej
Arno,4/8,Nej
Ulrik,5/8,Ja
Alrik,5/8,Ja
Alarik,5/8,Nej
Alfons,6/8,Ja
Inez,6/8,Ja
Lilja,6/8,Nej
Dennis,7/8,Ja
Denise,7/8,Ja
Silvia,8/8,Ja
Sylvia,8/8,Ja
Silva,8/8,Nej
Silvana,8/8,Nej
Sylva,8/8,Nej
Sylvi,8/8,Nej
Sylvie,8/8,Nej
Roland,9/8,Ja
Lars,10/8,Ja
Lasse,10/8,Nej
Susanna,11/8,Ja
Sanna,11/8,Nej
Sanny,11/8,Nej
Susanne,11/8,Nej
Susie,11/8,Nej
Sanne,11/8,Nej
Klara,12/8,Ja
Claire,12/8,Nej
Clarence,12/8,Nej
Clarie,12/8,Nej
Clarissa,12/8,Nej
Clary,12/8,Nej
Kaj,13/8,Ja
Uno,14/8,Ja
Stella,15/8,Ja
Estelle,15/8,Ja
Brynolf,16/8,Ja
Verner,17/8,Ja
Valter,17/8,Ja
Verna,17/8,Nej
Volter,17/8,Nej
Ellen,18/8,Ja
Lena,18/8,Ja
Lene,18/8,Nej
Lenita,18/8,Nej
Magnus,19/8,Ja
Måns,19/8,Ja
Mogens,19/8,Nej
Bernhard,20/8,Ja
Bernt,20/8,Ja
Berna,20/8,Nej
Bernhardina,20/8,Nej
Jon,21/8,Ja
Jonna,21/8,Ja
Henrietta,22/8,Ja
Henrika,22/8,Ja
Henriette,22/8,Nej
Henny,22/8,Nej
Signe,23/8,Ja
Signhild,23/8,Ja
Signar,23/8,Nej
Signy,23/8,Nej
Bartolomeus,24/8,Ja
Lovisa,25/8,Ja
Louise,25/8,Ja
Lou,25/8,Nej
Louisa,25/8,Nej
Lova,25/8,Nej
Lovise,25/8,Nej
Luisa,25/8,Nej
Luise,25/8,Nej
Östen,26/8,Ja
Esten,26/8,Nej
Rolf,27/8,Ja
Raoul,27/8,Ja
Fatima,28/8,Ja
Leila,28/8,Ja
Hans,29/8,Ja
Hampus,29/8,Ja
Hasse,29/8,Nej
Albert,30/8,Ja
Albertina,30/8,Ja
Abbe,30/8,Nej
Adalbert,30/8,Nej
Alberto,30/8,Nej
Albrekt,30/8,Nej
Alba,30/8,Nej
Arvid,31/8,Ja
Vidar,31/8,Ja
Arve,31/8,Nej
Arvida,31/8,Nej
Arvo,31/8,Nej
Samuel,1/9,Ja
Sam,1/9,Ja
Sammy,1/9,Nej
Sami,1/9,Nej
Justus,2/9,Ja
Justina,2/9,Ja
Alfhild,3/9,Ja
Alva,3/9,Ja
Alvi,3/9,Nej
Alvina,3/9,Nej
Alvy,3/9,Nej
Gisela,4/9,Ja
Adela,5/9,Ja
Heidi,5/9,Ja
Adele,5/9,Nej
Adelia,5/9,Nej
Adelina,5/9,Nej
Adla,5/9,Nej
Alida,5/9,Nej
Alina,5/9,Nej
Aline,5/9,Nej
Lilian,6/9,Ja
Lilly,6/9,Ja
Lillie,6/9,Nej
Kevin,7/9,Ja
Roy,7/9,Ja
Alma,8/9,Ja
Hulda,8/9,Ja
Anita,9/9,Ja
Annette,9/9,Ja
Tord,10/9,Ja
Turid,10/9,Ja
Torfrid,10/9,Nej
Dagny,11/9,Ja
Helny,11/9,Ja
Åsa,12/9,Ja
Åslög,12/9,Ja
Aslög,12/9,Nej
Åse,12/9,Nej
Sture,13/9,Ja
Ida,14/9,Ja
Ronja,14/9,Ja
Sigrid,15/9,Ja
Siri,15/9,Ja
Sickan,15/9,Nej
Sigga,15/9,Nej
Dag,16/9,Ja
Daga,16/9,Ja
Dage,16/9,Nej
Hildegard,17/9,Ja
Magnhild,17/9,Ja
Magna,17/9,Nej
Magne,17/9,Nej
Orvar,18/9,Ja
Fredrika,19/9,Ja
Elise,20/9,Ja
Lisa,20/9,Ja
Elisa,20/9,Nej
Lise,20/9,Nej
Matteus,21/9,Ja
Maurits,22/9,Ja
Moritz,22/9,Ja
Moje,22/9,Nej
Morris,22/9,Nej
Maurice,22/9,Nej
Tekla,23/9,Ja
Tea,23/9,Ja
Gerhard,24/9,Ja
Gert,24/9,Ja
Jerry,24/9,Nej
Tryggve,25/9,Ja
Enar,26/9,Ja
Einar,26/9,Ja
Eina,26/9,Nej
Eje,26/9,Nej
Dagmar,27/9,Ja
Rigmor,27/9,Ja
Lennart,28/9,Ja
Leonard,28/9,Ja
Lennie,28/9,Nej
Lenny,28/9,Nej
Mikael,29/9,Ja
Mikaela,29/9,Ja
Michel,29/9,Nej
Mickel,29/9,Nej
Miguel,29/9,Nej
Mike,29/9,Nej
Mikko,29/9,Nej
Michelle,29/9,Nej
Helge,30/9,Ja
Helgo,30/9,Nej
Reiner,1/10,Nej
Rauno,1/10,Nej
Rainer,1/10,Nej
Ragna,1/10,Ja
Ragnar,1/10,Ja
Ragni,1/10,Nej
Luis,2/10,Nej
Louis,2/10,Nej
Lajos,2/10,Nej
Love,2/10,Ja
Ludvig,2/10,Ja
Osvald,3/10,Ja
Evald,3/10,Ja
Franz,4/10,Nej
Franklin,4/10,Nej
Franco,4/10,Nej
Francisco,4/10,Nej
Francis,4/10,Nej
Francesco,4/10,Nej
Frank,4/10,Ja
Frans,4/10,Ja
Bror,5/10,Ja
Jennie,6/10,Nej
Jenni,6/10,Nej
Jennifer,6/10,Ja
Jenny,6/10,Ja
Riitta,7/10,Nej
Pirkko,7/10,Nej
Pirjo,7/10,Nej
Gittan,7/10,Nej
Git,7/10,Nej
Böret,7/10,Nej
Britten,7/10,Nej
Britte,7/10,Nej
Britt,7/10,Nej
Brigitte,7/10,Nej
Brigitta,7/10,Nej
Birte,7/10,Nej
Birgitte,7/10,Nej
Bibbi,7/10,Nej
Britta,7/10,Ja
Birgitta,7/10,Ja
Nisse,8/10,Nej
Nils,8/10,Ja
Inkeri,9/10,Nej
Inger,9/10,Ja
Ingrid,9/10,Ja
Harri,10/10,Nej
Harriet,10/10,Ja
Harry,10/10,Ja
Elling,11/10,Nej
Jarl,11/10,Ja
Erling,11/10,Ja
Manfrid,12/10,Nej
Valfrida,12/10,Nej
Manfred,12/10,Ja
Valfrid,12/10,Ja
Birgit,13/10,Ja
Berit,13/10,Ja
Stellan,14/10,Ja
Vivi,15/10,Nej
Hilvi,15/10,Nej
Hilly,15/10,Nej
Hill,15/10,Nej
Hildevig,15/10,Nej
Helvig,15/10,Nej
Heddy,15/10,Nej
Hedda,15/10,Nej
Hillevi,15/10,Ja
Hedvig,15/10,Ja
Finn,16/10,Ja
Toni,17/10,Nej
Antonina,17/10,Nej
Antoinette,17/10,Nej
Antoinetta,17/10,Nej
Toini,17/10,Ja
Antonia,17/10,Ja
Lukas,18/10,Ja
Luka,18/10,Nej
Tor,19/10,Ja
Tore,19/10,Ja
Sibyl,20/10,Nej
Sibylla,20/10,Ja
Yrsa,21/10,Ja
Ursula,21/10,Ja
Marita,22/10,Ja
Marika,22/10,Ja
Maritza,22/10,Nej
Severina,23/10,Nej
Sören,23/10,Ja
Severin,23/10,Ja
Eve,24/10,Nej
Eberhard,24/10,Nej
Eilert,24/10,Ja
Evert,24/10,Ja
Ingalill,25/10,Ja
Inga,25/10,Ja
Mandis,26/10,Nej
Manda,26/10,Nej
Amy,26/10,Nej
Amandus,26/10,Nej
Rasmus,26/10,Ja
Amanda,26/10,Ja
Sabine,27/10,Nej
Ina,27/10,Nej
Bina,27/10,Nej
Sabina,27/10,Ja
Simone,28/10,Ja
Simon,28/10,Ja
Simona,28/10,Nej
Violette,29/10,Nej
Violetta,29/10,Nej
Violet,29/10,Nej
Lola,29/10,Nej
Viola,29/10,Ja
Isabelle,30/10,Nej
Isabell,30/10,Nej
Isa,30/10,Nej
Bellis,30/10,Nej
Bella,30/10,Nej
Ilse,30/10,Nej
Elsy,30/10,Nej
Elsie,30/10,Nej
Else,30/10,Nej
Isabella,30/10,Ja
Elsa,30/10,Ja
Edgard,31/10,Nej
Ditte,31/10,Nej
Edgar,31/10,Ja
Edit,31/10,Ja
Allhelgonadagen,1/11,Ja
Tobias,2/11,Ja
Hugo,3/11,Ja
Hubert,3/11,Ja
Sverker,4/11,Ja
Eugenia,5/11,Ja
Eugen,5/11,Ja
Gustav Adolf,6/11,Ja
Ingela,7/11,Ja
Ingegerd,7/11,Ja
Vendela,8/11,Ja
Vendla,8/11,Nej
Theo,9/11,Nej
Teddy,9/11,Nej
Ted,9/11,Nej
Teodora,9/11,Ja
Teodor,9/11,Ja
Martine,10/11,Nej
Martti,10/11,Nej
Martinus,10/11,Nej
Martina,10/11,Ja
Martin,10/11,Ja
Mårten,11/11,Ja
Kuno,12/11,Nej
Kurt,12/11,Ja
Konrad,12/11,Ja
Risto,13/11,Nej
Kristen,13/11,Nej
Kasten,13/11,Nej
Karsten,13/11,Nej
Krister,13/11,Ja
Kristian,13/11,Ja
Milly,14/11,Nej
Millan,14/11,Nej
Emy,14/11,Nej
Emmy,14/11,Nej
Emily,14/11,Nej
Mille,14/11,Nej
Emilio,14/11,Nej
Emilia,14/11,Ja
Emil,14/11,Ja
Emy,14/11,Nej
Leopold,15/11,Ja
Vivika,16/11,Nej
Vivan,16/11,Nej
Viveka,16/11,Ja
Vibeke,16/11,Ja
Noomi,17/11,Nej
Naomi,17/11,Nej
Naimi,17/11,Nej
Naima,17/11,Ja
Naemi,17/11,Ja
Moa,18/11,Ja
Lillemor,18/11,Ja
Lizzy,19/11,Nej
Lizzie,19/11,Nej
Lizzi,19/11,Nej
Lizette,19/11,Nej
Liz,19/11,Nej
Lissy,19/11,Nej
Lissie,19/11,Nej
Lissi,19/11,Nej
Lisette,19/11,Nej
Lisen,19/11,Nej
Lis,19/11,Nej
Lill,19/11,Nej
Elzbieta,19/11,Nej
Eliza,19/11,Nej
Elisif,19/11,Nej
Betty,19/11,Nej
Bettina,19/11,Nej
Betsy,19/11,Nej
Beth,19/11,Nej
Bessie,19/11,Nej
Lisbet,19/11,Ja
Elisabet,19/11,Ja
Maren,20/11,Nej
Marina,20/11,Ja
Pontus,20/11,Ja
Helle,21/11,Nej
Hella,21/11,Nej
Elga,21/11,Nej
Olga,21/11,Ja
Helga,21/11,Ja
Sissi,22/11,Nej
Sissel,22/11,Nej
Sissa,22/11,Nej
Cissi,22/11,Nej
Cilla,22/11,Nej
Sissela,22/11,Ja
Cecilia,22/11,Ja
Celia,22/11,Nej
Celina,22/11,Nej
Celine,22/11,Nej
Klemens,23/11,Ja
Runo,24/11,Nej
Runa,24/11,Nej
Guje,24/11,Nej
Rune,24/11,Ja
Gudrun,24/11,Ja
Nina,25/11,Nej
Käthe,25/11,Nej
Kitty,25/11,Nej
Ketty,25/11,Nej
Katrin,25/11,Nej
Katri,25/11,Nej
Katinka,25/11,Nej
Kathy,25/11,Nej
Kate,25/11,Nej
Katarzyna,25/11,Nej
Katja,25/11,Ja
Katarina,25/11,Ja
Catalina,25/11,Nej
Katalin,25/11,Nej
Linus,26/11,Ja
Estrid,27/11,Nej
Asta,27/11,Ja
Astrid,27/11,Ja
Malte,28/11,Ja
Sonny,29/11,Nej
Sone,29/11,Nej
Sune,29/11,Ja
Nanne,30/11,Nej
Antti,30/11,Nej
Antero,30/11,Nej
Ante,30/11,Nej
Andy,30/11,Nej
Andris,30/11,Nej
Andrew,30/11,Nej
Andres,30/11,Nej
Andrej,30/11,Nej
Andras,30/11,Nej
Anders,30/11,Ja
Andreas,30/11,Ja
Ossian,1/12,Ja
Oskar,1/12,Ja
Beatrice,2/12,Ja
Beata,2/12,Ja
Lydia,3/12,Ja
Lidia,3/12,Nej
Barbro,4/12,Ja
Barbara,4/12,Ja
Sven,5/12,Ja
Niklas,6/12,Ja
Nikolaus,6/12,Ja
Nicholas,6/12,Nej
Angelika,7/12,Ja
Angela,7/12,Ja
Angelina,7/12,Nej
Virginia,8/12,Ja
Anna,9/12,Ja
Malene,10/12,Nej
Malena,10/12,Ja
Malin,10/12,Ja
Dana,11/12,Nej
Danny,11/12,Nej
Dan,11/12,Nej
Daniela,11/12,Ja
Daniel,11/12,Ja
Alexius,12/12,Nej
Alexia,12/12,Nej
Alex,12/12,Nej
Sante,12/12,Nej
Sander,12/12,Nej
Alessandro,12/12,Nej
Alejandro,12/12,Nej
Alexis,12/12,Ja
Alexander,12/12,Ja
Lucie,13/12,Nej
Lucia,13/12,Ja
Sixten,14/12,Ja
Sten,14/12,Ja
Jeff,15/12,Nej
Gottfrida,15/12,Nej
Gottfrid,15/12,Ja
Asser,16/12,Nej
Assar,16/12,Ja
Stig,17/12,Ja
Abraham,18/12,Ja
Ibrahim,18/12,Nej
Isak,19/12,Ja
Moses,20/12,Ja
Israel,20/12,Ja
Tommy,21/12,Nej
Tommie,21/12,Nej
Tommi,21/12,Nej
Tom,21/12,Nej
Tomas,21/12,Ja
Tuomo,21/12,Nej
Natan,22/12,Nej
Jonatan,22/12,Ja
Natanael,22/12,Ja
Adam,23/12,Ja
Eva,24/12,Ja
Juldagen,25/12,Ja
Tapani,26/12,Nej
Steve,26/12,Nej
Stephen,26/12,Nej
Stephanie,26/12,Nej
Steffen,26/12,Nej
Steffan,26/12,Nej
Stefanus,26/12,Nej
Stefano,26/12,Nej
Stefania,26/12,Nej
Istvan,26/12,Nej
Esteban,26/12,Nej
Staffan,26/12,Ja
Stefan,26/12,Ja
Jöns,27/12,Nej
Jussi,27/12,Nej
Jukka,27/12,Nej
Juho,27/12,Nej
Juhani,27/12,Nej
Juha,27/12,Nej
Juan,27/12,Nej
Jonne,27/12,Nej
Johnny,27/12,Nej
Johnnie,27/12,Nej
Joen,27/12,Nej
Jean,27/12,Nej
Janos,27/12,Nej
Ioannis,27/12,Nej
Hannu,27/12,Nej
Hannes,27/12,Nej
Giovanni,27/12,Nej
Johan,27/12,Ja
Johannes,27/12,Ja
Benny,28/12,Nej
Bennie,28/12,Nej
Benni,28/12,Nej
Ben,28/12,Nej
Värnlösa barns dag,28/12,Ja
Benjamin,28/12,Ja
Natasha,29/12,Nej
Natali,29/12,Nej
Natalie,29/12,Ja
Natalia,29/12,Ja
Set,30/12,Ja
Abel,30/12,Ja
Sylvester,31/12,Ja
Sylve,31/12,Nej
